customerPhone,customerEmail,customerId,employerName,employerId,employerPhone
00@00,aaaaa@@@@,0,1111dd,1112222,55334434
0,0,1111,1111dd,111122,1-1661111
22@22,3333,2222,0,0,0
00@00,aaaaa@@@@,0,1111dd,1112222,55334434
0,0,1111,1111dd,111122,1-1661111
22@22,3333,2222,0,0,0
00@00,aaaaa@@@@,0,1111dd,1112222,55334434
0,0,1111,1111dd,111122,1-1661111
22@22,3333,2222,0,0,0
00@00,aaaaa@@@@,0,1111dd,1112222,55334434
0,0,1111,1111dd,111122,1-1661111
22@22,3333,2222,0,0,0
00@00,aaaaa@@@@,0,1111dd,1112222,55334434
0,0,1111,1111dd,111122,1-1661111
22@22,3333,2222,0,0,0
00@00,aaaaa@@@@,0,1111dd,1112222,55334434
0,0,1111,1111dd,111122,1-1661111
22@22,3333,2222,0,0,0
00@00,aaaaa@@@@,0,1111dd,1112222,55334434
0,0,1111,1111dd,111122,1-1661111
22@22,3333,2222,0,0,0
00@00,aaaaa@@@@,0,1111dd,1112222,55334434
0,0,1111,1111dd,111122,1-1661111
22@22,3333,2222,0,0,0
00@00,aaaaa@@@@,0,1111dd,1112222,55334434
0,0,1111,1111dd,111122,1-1661111
22@22,3333,2222,0,0,0
00@00,aaaaa@@@@,0,1111dd,1112222,55334434
0,0,1111,1111dd,111122,1-1661111
22@22,3333,2222,0,0,0
00@00,aaaaa@@@@,0,1111dd,1112222,55334434
0,0,1111,1111dd,111122,1-1661111
22@22,3333,2222,0,0,0
